Rk,Player,Team,Pos,G,GS,MP,FG,FGA,FG%,3P,3PA,3P%,2P,2PA,2P%,eFG%,FT,FTA,FT%,ORB,DRB,TRB,AST,STL,BLK,TOV,PF,PTS,Awards,Player-additional
1,Cameron Boozer,Duke,F,22,22,32.5,8.3,14.3,.583,1.5,4.0,.375,6.8,10.3,.664,.635,5.1,6.8,.758,3.2,6.7,9.9,4.0,1.9,0.5,2.2,1.7,23.3,,cameron-boozer-3
2,Ebuka Okorie,Stanford,G,20,20,33.5,6.7,16.0,.420,1.8,6.1,.298,4.9,9.9,.495,.476,6.6,8.0,.819,0.8,2.7,3.5,3.3,1.5,0.3,1.7,1.6,21.8,,ebuka-okorie-1
3,Juke Harris,Wake Forest,F,22,22,32.9,6.4,13.8,.462,2.6,7.2,.365,3.7,6.5,.569,.558,5.5,7.2,.767,1.4,4.8,6.2,1.5,1.6,0.3,2.0,2.4,20.9,,juke-harris-1
4,Caleb Wilson,North Carolina,F,22,22,31.2,7.2,12.4,.581,0.3,1.1,.250,6.9,11.3,.613,.592,5.4,7.7,.704,3.0,6.8,9.8,2.8,1.5,1.3,2.0,2.0,20.0,,caleb-wilson-1
5,Malik Reneau,Miami (FL),F,22,22,27.5,7.3,12.7,.573,0.8,2.2,.347,6.5,10.5,.622,.604,4.5,5.6,.806,2.3,4.1,6.4,2.2,0.8,0.9,2.6,2.5,19.9,,malik-reneau-1
6,Ryan Conwell,Louisville,G,20,20,30.0,5.9,14.7,.399,3.7,10.2,.358,2.2,4.5,.494,.524,3.7,4.5,.831,0.8,4.3,5.0,2.6,1.4,0.2,1.7,3.1,19.1,,ryan-conwell-1
7,Kevin Miller,SMU,G,21,21,34.8,5.7,12.4,.462,1.8,4.6,.381,4.0,7.8,.509,.533,6.0,6.9,.868,0.7,3.0,3.6,6.7,1.7,0.1,2.7,2.3,19.1,,kevin-miller-3
8,Donnie Freeman,Syracuse,F,14,12,30.4,6.1,12.1,.509,1.2,3.6,.340,4.9,8.5,.580,.559,5.1,6.4,.789,0.9,6.4,7.4,1.3,1.1,0.9,2.3,2.6,18.6,,donnie-freeman-1
9,Markus Burton,Notre Dame,G,10,10,30.1,6.5,13.3,.489,1.1,3.6,.306,5.4,9.7,.557,.530,4.4,4.8,.917,0.6,2.2,2.8,3.7,1.6,0.1,2.6,2.9,18.5,,markus-burton-1
10,Jaron Pierre Jr.,SMU,G,22,20,31.9,6.5,14.2,.457,2.0,5.7,.360,4.5,8.5,.521,.529,2.3,3.0,.758,0.7,4.1,4.8,1.5,0.8,0.3,1.4,2.0,17.3,,jaron-pierrejr-1
11,Henri Veesaar,North Carolina,F,22,22,30.8,6.4,10.3,.624,1.3,2.8,.459,5.1,7.5,.685,.686,2.7,4.3,.621,2.4,6.6,9.0,2.0,0.6,1.3,1.6,2.7,16.8,,henri-veesaar-1
12,Thijs De Ridder,Virginia,F,22,22,27.7,6.0,11.1,.539,1.0,2.9,.365,5.0,8.3,.599,.586,3.7,5.3,.698,2.6,4.0,6.6,1.6,0.7,0.4,2.0,2.8,16.7,,thijs-de-ridder-1
13,Dai Dai Ames,California,G,22,22,31.3,6.0,12.9,.470,1.7,4.3,.400,4.3,8.5,.505,.537,2.8,3.3,.849,0.3,1.6,1.9,2.4,0.8,0.1,1.5,2.6,16.6,,dai-dai-ames-1
14,Mikel Brown Jr.,Louisville,G,13,12,28.0,4.6,12.0,.385,2.0,7.1,.283,2.6,4.9,.531,.468,5.2,6.4,.807,0.1,2.8,2.9,5.0,0.8,0.1,2.8,1.2,16.4,,mikel-brown-jr-1
15,Tre Donaldson,Miami (FL),G,22,20,33.4,5.6,12.1,.466,1.5,4.4,.351,4.1,7.7,.533,.530,3.2,4.1,.778,0.6,2.7,3.4,6.1,1.3,0.2,2.1,1.6,16.0,,tre-donaldson-1
16,Kowacie Reeves Jr.,Georgia Tech,G,21,21,31.2,5.6,12.2,.457,2.1,5.4,.389,3.5,6.8,.510,.543,2.5,3.2,.779,0.9,3.1,4.0,1.4,1.1,0.5,1.4,2.5,15.8,,kowacie-reeves-1
17,Jalen Haralson,Notre Dame,G,21,19,26.8,5.7,11.3,.504,0.2,1.0,.227,5.5,10.3,.532,.515,3.9,6.1,.633,1.3,2.2,3.6,2.6,0.5,0.3,2.6,2.3,15.5,,jalen-haralson-1
18,Justin Pippen,California,G,20,20,31.0,4.3,11.2,.381,2.0,5.5,.364,2.3,5.7,.398,.471,4.7,5.7,.816,0.7,3.1,3.7,4.3,1.9,0.7,2.3,2.3,15.2,,justin-pippen-1
19,Fred Payne,Boston College,G,22,21,34.2,5.5,13.3,.418,2.2,6.4,.350,3.3,6.9,.480,.502,1.8,2.4,.769,0.7,3.1,3.8,3.0,0.8,0.2,1.3,1.5,15.1,,fred-payne-1
20,Darrion Williams,NC State,F,22,22,29.6,5.4,12.3,.435,2.5,5.7,.429,2.9,6.6,.441,.535,2.0,2.5,.796,1.1,4.1,5.3,3.1,1.0,0.2,1.7,2.6,15.1,,darrion-williams-1
21,Amani Hansberry,Virginia Tech,F,22,22,31.5,5.5,11.0,.500,1.1,3.1,.362,4.4,7.9,.555,.552,2.9,4.1,.711,3.2,5.0,8.3,2.6,1.5,0.8,2.1,3.1,15.0,,amani-hansberry-2
22,Robert McCray V,Florida State,G,22,22,28.2,5.4,11.7,.457,1.0,3.4,.284,4.4,8.4,.527,.498,2.7,4.0,.678,1.0,2.6,3.6,6.4,1.3,0.4,4.0,3.1,14.4,,robert-mccray-1
23,John Camden,California,F,22,22,30.5,4.6,10.0,.464,2.7,6.5,.417,1.9,3.5,.553,.600,2.3,2.8,.823,1.0,3.6,4.6,1.6,0.7,0.3,1.0,2.2,14.3,,john-camden-1
24,Shelton Henderson,Miami (FL),F,22,22,29.3,5.4,8.8,.608,0.5,1.6,.333,4.8,7.2,.671,.639,3.0,5.2,.583,2.0,2.6,4.6,2.1,1.1,0.2,1.8,2.3,14.3,,shelton-henderson-1
25,Isaiah Evans,Duke,G,22,22,27.5,4.4,10.6,.415,2.4,7.0,.335,2.0,3.6,.570,.526,3.0,3.4,.880,0.4,2.8,3.1,1.2,0.9,0.9,1.1,1.1,14.2,,isaiah-evans-1
26,Seth Trimble,North Carolina,G,13,13,31.3,4.8,10.2,.477,1.0,2.8,.351,3.8,7.3,.526,.527,3.4,4.8,.698,1.0,3.2,4.2,2.8,1.2,0.2,1.4,1.5,14.1,,seth-trimble-1
27,Donald Hand Jr.,Boston College,G,22,22,34.0,4.2,12.8,.326,1.2,5.8,.213,3.0,7.0,.419,.374,4.5,6.2,.721,0.6,4.4,5.0,1.4,0.5,0.1,1.9,1.3,14.0,,donald-hand-jr-1
28,B.J. Edwards,SMU,G,22,22,34.3,5.1,10.5,.485,1.5,4.2,.370,3.5,6.3,.561,.558,2.2,3.0,.754,1.4,4.7,6.1,5.0,2.5,0.2,2.1,1.9,14.0,,bj-edwards-2
29,Chisom Okpara,Stanford,F,17,17,28.5,4.0,10.2,.393,1.0,3.3,.304,3.0,6.9,.436,.442,4.9,6.8,.730,1.6,2.3,3.9,2.2,1.1,0.4,2.6,1.9,13.9,,chisom-okpara-1
30,Paul McNeil Jr.,NC State,G,23,22,27.7,4.1,9.5,.429,3.2,7.4,.429,0.9,2.1,.429,.596,2.5,3.1,.803,0.7,3.1,3.8,1.0,0.8,0.3,0.3,1.5,13.8,,paul-mcneil-jr-1
31,Quadir Copeland,NC State,G,23,23,28.0,4.4,8.5,.523,0.9,1.9,.477,3.5,6.6,.536,.577,4.0,5.1,.771,0.6,3.0,3.6,6.9,1.7,0.0,2.6,3.1,13.7,,quadir-copeland-1
32,Ven-Allen Lubin,NC State,F,23,23,27.4,5.3,7.8,.678,0.1,0.4,.300,5.2,7.4,.700,.686,2.7,3.8,.701,2.8,4.2,7.0,1.0,0.6,0.7,1.0,2.5,13.4,,ven-allen-lubin-1
33,Chris Bell,California,F,22,21,26.8,4.0,9.0,.437,1.7,5.0,.339,2.3,4.1,.556,.530,3.3,3.7,.890,0.4,2.3,2.6,0.7,0.5,0.7,1.3,1.3,12.9,,chris-bell-1
34,Malik Thomas,Virginia,G,22,22,23.8,4.3,10.4,.412,1.8,5.5,.333,2.5,4.9,.500,.500,2.5,3.5,.711,0.8,3.3,4.0,1.8,0.5,0.2,1.6,2.6,12.8,,malik-thomas-2
35,Ben Hammond,Virginia Tech,G,23,9,29.9,4.1,9.3,.439,1.2,2.9,.409,2.9,6.4,.453,.502,3.5,4.0,.860,0.4,1.8,2.2,3.3,1.9,0.1,1.4,2.0,12.8,,ben-hammond-1
36,Chauncey Wiggins,Florida State,F,21,19,27.2,4.3,9.8,.437,2.0,6.0,.331,2.3,3.8,.608,.539,1.9,2.1,.889,1.1,2.9,4.0,0.9,0.2,0.1,0.9,1.5,12.5,,chauncey-wiggins-1
37,Brandin Cummings,Pittsburgh,G,19,9,26.2,4.1,9.7,.424,1.6,4.8,.326,2.5,4.8,.522,.505,2.7,3.7,.718,0.4,1.2,1.5,2.1,0.7,0.1,1.2,2.4,12.5,,brandin-cummings-1
38,Neoklis Avdalas,Virginia Tech,G,22,22,31.8,4.3,11.3,.378,1.5,5.2,.281,2.8,6.1,.459,.442,2.5,3.7,.683,0.1,3.0,3.1,4.9,0.7,0.6,2.3,1.1,12.5,,neoklis-avdalas-1
39,Myles Colvin,Wake Forest,G,22,13,28.3,4.0,9.4,.430,1.8,5.0,.358,2.3,4.5,.510,.524,2.7,3.1,.855,1.2,3.1,4.3,1.3,1.6,0.3,2.0,2.4,12.5,,myles-colvin-2
40,Baye Ndongo,Georgia Tech,F,18,18,26.7,4.9,8.9,.556,0.3,0.6,.455,4.7,8.3,.564,.572,2.2,3.3,.678,2.8,5.2,8.0,2.2,0.8,1.3,2.0,2.6,12.4,,baye-ndongo-1
41,Cameron Corhen,Pittsburgh,F,23,23,33.6,4.7,9.0,.517,0.4,1.1,.360,4.3,7.9,.538,.539,2.4,3.9,.629,2.6,5.0,7.6,1.7,0.9,0.6,2.2,3.1,12.1,,cameron-corhen-1
42,RJ Godfrey,Clemson,F,22,19,24.6,4.6,7.0,.652,0.0,0.3,.143,4.5,6.7,.676,.655,2.7,4.0,.674,1.7,3.6,5.3,1.6,0.7,0.5,1.4,2.9,12.0,,rj-godfrey-1
43,JJ Starling,Syracuse,G,21,21,29.9,4.9,10.9,.445,1.0,3.1,.323,3.9,7.8,.494,.491,1.3,2.4,.549,0.4,2.3,2.7,2.4,0.9,0.2,1.3,1.9,12.0,,jj-starling-1
44,Tru Washington,Miami (FL),G,20,19,28.8,4.4,9.6,.461,1.0,3.3,.303,3.4,6.3,.544,.513,2.1,2.8,.732,1.1,2.9,4.0,1.8,1.9,0.0,1.8,1.5,11.9,,tru-washington-1
45,Braeden Shrewsberry,Notre Dame,G,22,22,31.3,3.9,9.3,.420,2.8,6.6,.418,1.1,2.7,.424,.568,1.1,1.5,.781,0.0,2.8,2.9,1.7,0.3,0.1,1.1,1.2,11.7,,braeden-shrewsberry-1
46,Isaac McKneely,Louisville,G,21,21,29.3,3.7,8.9,.412,2.9,7.5,.382,0.8,1.4,.567,.572,1.4,1.6,.882,0.5,2.6,3.1,1.2,0.6,0.1,0.8,1.2,11.6,,isaac-mckneely-1
47,Lamar Washington,Georgia Tech,G,20,13,30.4,3.7,9.2,.402,0.8,2.3,.326,3.0,6.9,.428,.443,3.3,4.2,.774,0.7,4.6,5.3,5.9,1.6,0.4,2.9,2.4,11.4,,lamar-washington-1
48,Barry Dunning Jr.,Pittsburgh,G,23,17,29.4,4.1,8.8,.465,1.5,4.6,.321,2.6,4.2,.625,.550,1.8,2.4,.745,1.8,3.6,5.4,0.7,0.6,0.9,1.1,1.8,11.4,,barry-dunning-jr-1
49,Lajae Jones,Florida State,G,22,20,27.7,3.7,9.3,.400,1.5,5.1,.301,2.2,4.2,.522,.483,2.3,3.1,.750,1.5,4.1,5.6,1.0,1.2,1.0,1.1,2.7,11.3,,lajae-jones-1
50,Corey Washington,SMU,F,22,22,27.1,3.5,6.9,.517,1.3,3.0,.424,2.3,3.9,.588,.609,2.9,3.5,.821,1.9,3.0,4.9,0.6,1.0,0.5,1.3,3.2,11.3,,corey-washington-1
51,Toibu Lawal,Virginia Tech,F,14,8,28.0,3.2,6.7,.479,0.3,2.0,.143,2.9,4.7,.621,.500,4.4,6.1,.721,2.2,6.4,8.6,0.4,0.5,1.7,1.6,2.6,11.1,,toibu-lawal-1
52,Tre'Von Spillers,Wake Forest,F,22,21,28.2,4.5,8.2,.550,0.3,0.8,.333,4.2,7.4,.574,.567,1.8,2.1,.851,1.4,4.1,5.5,1.5,1.0,1.3,1.0,2.7,11.1,,trevon-spillers-1
53,Patrick Ngongba,Duke,C,22,21,22.9,3.8,6.1,.622,0.3,1.1,.292,3.5,5.0,.694,.648,3.0,4.5,.684,2.4,3.8,6.2,2.0,0.7,1.3,1.5,2.7,11.0,,patrick-ngongba-2
54,Jailen Bedford,Virginia Tech,G,22,22,24.9,4.0,9.7,.413,1.6,4.6,.347,2.4,5.1,.473,.495,1.4,2.1,.652,1.0,2.2,3.2,0.9,0.5,0.0,1.2,1.9,11.0,,jailen-bedford-1
55,Nate Kingz,Syracuse,G,23,23,30.2,4.0,8.3,.476,1.9,5.1,.376,2.0,3.2,.635,.592,1.0,1.7,.615,0.9,2.9,3.8,1.3,1.1,0.5,0.8,2.0,10.9,,nate-kingz-1
56,Jestin Porter,Clemson,G,22,21,26.6,3.6,9.4,.383,2.0,5.5,.352,1.6,3.8,.429,.488,1.6,2.0,.800,0.6,1.3,1.9,1.5,1.4,0.2,0.9,1.3,10.8,,jestin-porter-1
57,J'Vonne Hadley,Louisville,G,20,19,27.8,4.1,7.5,.540,1.0,2.4,.396,3.1,5.1,.608,.603,1.7,2.6,.667,1.3,4.1,5.4,1.8,1.1,0.3,0.9,2.4,10.8,,jvonne-hadley-1
58,Samet Yigitoglu,SMU,C,22,22,29.0,4.4,7.3,.596,0.0,0.0,.000,4.4,7.3,.600,.596,1.8,3.2,.549,3.5,4.6,8.1,1.6,0.5,1.6,1.9,3.0,10.5,,samet-yigitoglu-1
59,Chance Mallory,Virginia,G,22,0,25.0,3.1,6.7,.459,1.2,3.2,.366,1.9,3.5,.545,.547,3.2,4.2,.761,1.0,2.9,3.9,3.5,2.0,0.1,1.2,2.5,10.5,,chance-mallory-1
60,Sam Lewis,Virginia,G,22,21,25.6,3.6,7.9,.462,1.7,4.4,.396,1.9,3.5,.545,.572,1.5,2.0,.727,1.0,2.8,3.8,1.7,0.8,0.1,1.3,1.8,10.5,,sam-lewis-2
61,Nate Calmese,Wake Forest,G,21,21,25.9,4.0,8.7,.456,1.6,4.0,.388,2.4,4.6,.515,.547,0.9,1.2,.731,0.4,1.6,2.0,4.9,1.4,0.1,2.0,1.4,10.4,,nate-calmese-1
62,Carter Welling,Clemson,C,22,15,21.8,3.3,6.9,.477,0.5,1.8,.308,2.7,5.1,.536,.517,3.2,4.6,.696,1.6,4.2,5.8,1.4,0.9,0.6,1.4,2.2,10.3,,carter-welling-1
63,Sananda Fru,Louisville,F,21,21,23.0,4.1,5.5,.750,0.2,0.3,.571,4.0,5.2,.761,.767,1.8,2.8,.627,3.3,3.4,6.7,1.4,0.5,1.3,1.7,2.2,10.2,,sananda-fru-1
64,Cole Certa,Notre Dame,G,22,7,23.0,2.7,7.4,.364,2.1,5.8,.362,0.6,1.6,.371,.506,2.7,3.0,.923,0.5,1.1,1.5,0.7,0.3,0.0,0.5,1.3,10.2,,cole-certa-1
65,Benny Gealer,Stanford,G,22,20,27.8,3.0,7.1,.429,2.3,5.5,.421,0.7,1.6,.457,.593,1.8,2.0,.909,0.4,1.9,2.3,1.9,1.5,0.0,0.7,2.1,10.2,,benny-gealer-1
66,Luka Bogavac,North Carolina,G,22,13,24.2,3.3,8.0,.415,1.5,4.5,.333,1.8,3.5,.519,.509,1.9,2.5,.764,0.6,2.0,2.6,2.5,0.5,0.0,1.0,1.2,10.0,,luka-bogavac-1
67,Roman Siulepa,Pittsburgh,F,23,23,25.3,3.8,8.0,.476,0.8,2.7,.306,3.0,5.3,.561,.527,1.4,2.8,.492,3.1,2.4,5.5,0.8,1.0,0.6,1.0,2.5,9.9,,roman-siulepa-1
68,Kobe MaGee,Florida State,G,22,10,21.9,3.0,7.8,.392,2.0,5.9,.338,1.0,1.9,.561,.520,1.7,2.2,.755,1.0,2.2,3.3,1.1,1.1,0.0,0.9,1.4,9.8,,kobe-magee-2
69,Tre Holloman,NC State,G,21,16,25.0,3.0,6.9,.428,1.8,4.3,.411,1.2,2.6,.455,.555,2.0,2.6,.796,0.2,1.5,1.7,2.2,0.8,0.3,1.4,2.0,9.7,,tre-holloman-1
70,Naithan George,Syracuse,G,23,23,30.2,3.1,7.8,.394,1.0,3.3,.316,2.0,4.5,.452,.461,2.5,3.1,.792,0.6,2.4,3.0,5.5,1.5,0.3,3.0,2.0,9.7,,naithan-george-1
71,Mouhamed Sylla,Georgia Tech,C,16,15,21.5,4.1,7.1,.579,0.1,0.3,.250,4.1,6.9,.591,.583,1.3,3.1,.429,2.0,5.2,7.2,0.6,0.8,1.2,1.4,2.2,9.6,,mouhamed-sylla-2
72,Damarco Minor,Pittsburgh,G,23,23,31.0,3.0,7.2,.416,1.9,5.0,.371,1.1,2.2,.520,.545,1.6,1.8,.902,0.6,3.0,3.6,3.5,1.5,0.3,1.5,2.4,9.5,,damarco-minor-1
73,Tyler Johnson,Virginia Tech,G,13,13,30.8,3.4,6.4,.530,1.2,2.8,.417,2.2,3.6,.617,.620,1.5,2.2,.690,1.4,3.9,5.3,1.9,1.5,0.7,0.9,3.2,9.5,,tyler-johnson-6
74,Boden Kapke,Boston College,C,22,8,25.0,3.5,7.5,.476,0.7,2.5,.278,2.9,5.0,.573,.521,1.6,2.4,.692,2.0,3.5,5.5,0.7,0.3,0.5,1.3,2.5,9.4,,boden-kapke-1
75,Nick Davidson,Clemson,F,22,10,21.9,3.2,6.3,.514,0.7,2.1,.348,2.5,4.2,.598,.572,2.0,2.8,.726,1.4,2.7,4.1,1.2,0.5,0.4,1.1,1.9,9.2,,nick-davidson-2
76,William Kyle III,Syracuse,F,23,23,27.7,3.7,5.5,.661,0.0,0.0,,3.7,5.5,.661,.661,1.9,3.8,.489,2.7,4.7,7.4,1.0,1.0,2.7,1.2,1.9,9.2,,william-kyle-iii-1
77,Adrian Wooley,Louisville,G,21,9,22.8,3.0,6.9,.431,1.1,3.5,.329,1.8,3.4,.535,.514,1.9,2.3,.833,1.4,2.7,4.0,1.6,1.0,0.1,1.1,2.4,9.0,,adrian-wooley-1
78,Martin Somerville,Florida State,G,22,10,25.5,2.5,7.0,.357,2.1,5.7,.365,0.4,1.3,.321,.506,1.8,2.1,.848,0.9,2.2,3.0,1.9,1.6,0.0,1.2,2.6,8.9,,martin-somerville-1
79,Akai Fleming,Georgia Tech,G,21,14,24.1,2.4,7.1,.340,0.7,2.4,.294,1.7,4.7,.364,.390,3.3,4.1,.814,0.8,2.4,3.2,1.1,0.5,0.2,1.9,1.5,8.9,,akai-fleming-1
80,Kiyan Anthony,Syracuse,F,23,2,19.3,3.0,7.2,.416,0.6,2.6,.233,2.4,4.6,.519,.458,2.3,3.7,.612,0.4,1.1,1.6,1.0,0.4,0.2,1.1,0.7,8.9,,kiyan-anthony-1
81,Jaden Schutt,Virginia Tech,G,23,5,26.1,2.8,7.0,.404,2.3,5.6,.411,0.5,1.4,.375,.568,0.8,1.0,.826,0.1,1.6,1.7,0.7,0.6,0.0,0.5,1.9,8.8,,jaden-schutt-1
82,Dillon Hunter,Clemson,G,22,22,29.1,3.0,6.5,.472,1.2,3.1,.391,1.8,3.3,.548,.567,1.4,1.8,.775,0.6,3.4,4.0,3.1,1.0,0.0,1.2,1.8,8.7,,dillon-hunter-1
83,Caleb Foster,Duke,G,22,21,25.7,3.2,7.0,.455,1.2,3.2,.386,2.0,3.8,.512,.542,1.1,2.0,.556,0.7,3.0,3.6,2.5,0.3,0.1,1.2,1.9,8.7,,caleb-foster-2
84,Jaeden Mustaf,Georgia Tech,G,20,14,25.9,2.9,6.8,.419,0.6,1.5,.379,2.3,5.4,.430,.460,2.1,3.3,.636,1.2,3.3,4.5,2.4,0.6,0.2,1.7,2.7,8.4,,jaeden-mustaf-1
85,Lee Dort,California,F,20,20,23.8,3.1,5.2,.592,0.0,0.0,,3.1,5.2,.592,.592,2.2,3.1,.694,2.0,5.7,7.7,1.1,0.5,1.0,1.0,3.1,8.3,,lee-dort-1
86,Matt Able,NC State,G,23,0,20.7,2.9,7.0,.413,1.3,3.9,.337,1.6,3.1,.507,.506,1.2,1.5,.824,0.6,2.7,3.3,1.0,1.2,0.3,1.0,1.9,8.3,,matt-able-1
87,Jeremy Dent-Smith,Stanford,G,22,4,21.3,2.8,7.7,.361,1.7,4.8,.362,1.0,2.9,.359,.473,1.0,1.2,.846,0.4,1.6,2.0,1.8,0.7,0.1,1.2,2.0,8.3,,jeremy-dent-smith-1
88,Jacari White,Virginia,G,17,0,16.3,2.6,5.9,.446,2.0,4.6,.436,0.6,1.4,.478,.614,0.8,1.1,.778,0.9,1.2,2.1,1.3,0.5,0.0,1.1,1.2,8.1,,jacari-white-1
89,Johann Gr√ºnloh,Virginia,C,22,22,22.4,3.1,6.1,.507,0.6,2.0,.311,2.5,4.0,.607,.560,1.2,2.5,.500,2.7,3.4,6.1,0.8,0.5,2.2,0.7,2.6,8.0,,johann-gruenloh-1
90,Nojus Indrusaitis,Pittsburgh,G,23,5,22.3,2.8,8.0,.355,1.4,3.9,.367,1.4,4.0,.344,.445,0.8,1.4,.545,0.8,2.4,3.2,1.7,1.0,0.1,1.4,1.7,7.9,,nojus-indrusaitis-1
91,Kam Craft,Georgia Tech,G,21,12,21.9,2.9,6.8,.420,1.6,4.2,.386,1.2,2.6,.473,.538,0.4,0.5,.800,0.6,1.8,2.3,1.0,0.3,0.3,0.4,1.2,7.7,,kam-craft-1
92,Omari Witherspoon,Pittsburgh,G,23,15,25.7,2.7,7.0,.391,0.8,2.7,.295,2.0,4.3,.450,.447,1.2,1.9,.651,0.5,2.2,2.7,2.1,0.6,0.7,2.0,1.8,7.5,,omari-witherspoon-1
93,AJ Rohosy,Stanford,F,22,17,19.0,3.4,6.1,.548,0.0,0.0,,3.4,6.1,.548,.548,0.8,2.5,.333,2.3,3.0,5.3,0.6,0.4,0.5,0.9,2.5,7.5,,aj-rohosy-1
94,Alex Steen,Florida State,F,21,18,18.0,2.5,4.1,.609,0.0,0.0,.000,2.5,4.1,.616,.609,2.2,3.3,.657,3.0,2.8,5.8,0.8,0.7,0.6,1.0,2.0,7.2,,alex-steen-1
95,Jaden Toombs,SMU,C,15,1,17.5,3.1,5.9,.517,0.3,1.2,.278,2.7,4.7,.577,.545,0.7,1.2,.611,1.3,2.5,3.8,1.0,0.3,0.7,0.7,1.5,7.2,,jaden-toombs-1
96,Tyler Betsey,Syracuse,F,22,0,18.2,2.3,5.7,.408,1.6,4.0,.404,0.7,1.6,.417,.552,0.9,1.4,.667,1.0,1.9,2.9,0.4,0.4,0.2,0.5,1.9,7.2,,tyler-betsey-1
97,Ace Buckner,Clemson,G,22,1,16.6,2.6,5.7,.452,0.5,2.2,.245,2.0,3.5,.584,.500,1.4,1.7,.789,0.7,2.0,2.6,1.4,0.8,0.1,1.0,1.6,7.1,,ace-buckner-1
98,Ernest Udeh Jr.,Miami (FL),C,20,20,25.3,2.8,3.9,.727,0.0,0.0,,2.8,3.9,.727,.727,1.4,2.7,.519,2.8,7.1,9.9,0.4,1.0,1.4,0.6,2.5,7.0,,ernest-udeh-jr-1
99,Jarin Stevenson,North Carolina,F,22,14,23.0,2.2,4.9,.449,0.7,2.5,.273,1.5,2.4,.635,.519,2.0,2.6,.754,1.3,2.4,3.7,0.9,0.7,0.5,0.8,1.8,7.0,,jarin-stevenson-1
100,Ryan Agarwal,Stanford,G,21,14,24.8,2.5,6.3,.398,1.3,3.3,.400,1.2,3.0,.397,.504,0.7,1.0,.700,0.7,3.4,4.1,0.9,0.8,0.1,1.2,1.8,7.0,,ryan-agarwal-1
101,Zac Foster,Clemson,G,12,0,18.7,2.2,7.0,.310,1.1,3.9,.277,1.1,3.1,.351,.387,1.5,1.8,.818,0.4,2.4,2.8,2.5,0.4,0.3,1.3,2.7,6.9,,zac-foster-1
102,Mekhi Mason,Wake Forest,G,21,9,19.4,2.3,6.8,.338,1.3,4.2,.303,1.0,2.5,.396,.433,1.0,1.8,.553,1.0,2.0,3.0,1.1,1.0,0.2,1.3,2.0,6.9,,mekhi-mason-1
103,Khani Rooths,Louisville,F,17,2,17.4,2.2,4.9,.458,0.4,2.3,.179,1.8,2.6,.705,.500,1.6,2.2,.711,0.9,4.2,5.2,1.3,0.8,0.5,0.8,1.4,6.5,,khani-rooths-1
104,Dante Allen,Miami (FL),G,17,5,21.8,2.2,5.6,.396,0.9,2.8,.313,1.4,2.8,.479,.474,1.2,1.8,.645,0.4,2.5,2.9,2.3,1.2,0.1,0.9,1.5,6.5,,dante-allen-1
105,Carson Towt,Notre Dame,F,22,22,25.9,2.9,4.8,.594,0.0,0.0,,2.9,4.8,.594,.594,0.8,1.7,.447,3.7,5.9,9.5,1.7,0.6,0.4,1.1,2.9,6.5,,carson-towt-1
106,Ugonna Onyenso,Virginia,F,22,0,17.4,2.5,4.6,.554,0.3,1.1,.292,2.2,3.5,.636,.589,1.0,1.4,.733,1.4,3.1,4.5,0.5,0.5,2.5,0.4,1.4,6.4,,ugonna-onyenso-1
107,Luka Toews,Boston College,G,20,13,19.4,2.4,5.2,.466,1.2,2.6,.462,1.2,2.6,.471,.583,0.3,0.5,.600,0.4,0.9,1.2,1.9,0.5,0.2,1.2,1.9,6.3,,luka-toews-1
108,Cayden Boozer,Duke,G,22,4,20.5,2.1,4.4,.474,0.5,1.6,.314,1.6,2.8,.565,.531,1.6,2.1,.761,0.2,1.9,2.1,2.8,0.9,0.1,1.4,1.4,6.3,,cayden-boozer-1
109,Jayden Hastings,Boston College,F,22,22,21.9,2.5,4.0,.614,0.0,0.1,.000,2.5,3.9,.628,.614,1.3,2.6,.491,2.3,3.6,5.9,0.7,0.7,1.7,1.0,3.3,6.2,,jayden-hastings-1
110,Jerry Deng,NC State,F,8,0,12.5,2.0,5.8,.348,1.4,4.3,.324,0.6,1.5,.417,.467,0.8,0.9,.857,0.5,1.6,2.1,0.4,0.6,0.1,0.4,1.0,6.1,,jerry-deng-1
111,Christian Gurdak,Virginia Tech,C,22,9,17.4,2.2,3.5,.615,0.0,0.0,,2.2,3.5,.615,.615,1.7,2.4,.731,2.4,2.4,4.8,0.2,0.3,0.5,0.5,1.8,6.1,,christian-gurdak-1
112,Sadiq White Jr.,Syracuse,F,23,11,16.3,2.5,4.9,.513,0.2,0.6,.286,2.3,4.3,.545,.531,0.8,1.5,.514,1.2,2.2,3.4,0.6,0.6,0.7,1.1,2.7,6.0,,sadiq-white-jr-1
113,Jake Wahlin,Clemson,F,22,21,21.3,2.0,4.5,.449,1.0,2.7,.367,1.0,1.7,.579,.561,0.9,1.3,.714,0.8,3.5,4.3,0.7,0.3,0.2,0.6,1.9,5.9,,jake-wahlin-1
114,Dallin Hall,Virginia,G,22,22,28.0,1.9,4.7,.404,0.9,2.9,.313,1.0,1.8,.550,.500,1.1,1.4,.833,1.4,2.4,3.7,4.2,1.0,0.1,1.2,2.2,5.9,,dallin-hall-1
115,Omaha Biliew,Wake Forest,F,22,17,19.3,1.9,4.6,.412,1.0,2.9,.333,1.0,1.8,.538,.515,1.1,1.5,.781,0.9,1.3,2.2,0.5,0.5,0.2,0.6,2.3,5.9,,omaha-biliew-2
116,Cam Miles,Florida State,G,21,0,14.7,2.0,5.8,.355,0.7,3.2,.206,1.4,2.5,.547,.413,1.0,1.5,.688,0.4,0.8,1.2,1.9,0.8,0.0,1.0,1.3,5.8,,cam-miles-1
117,Derek Dixon,North Carolina,G,22,5,19.2,1.8,4.7,.379,1.3,3.1,.406,0.5,1.5,.324,.515,1.0,1.2,.815,0.3,1.9,2.2,2.4,0.2,0.0,1.0,0.7,5.8,,derek-dixon-1
118,Nikolas Khamenia,Duke,G,22,5,19.1,1.9,4.1,.451,1.0,2.9,.333,0.9,1.3,.714,.566,1.0,1.5,.697,0.9,2.2,3.0,1.3,0.6,0.0,1.0,1.7,5.7,,nikolas-khamenia-1
119,Thomas Bassong,Florida State,G,22,7,17.3,2.0,4.6,.446,0.4,1.6,.257,1.6,3.0,.545,.490,1.2,2.0,.578,1.3,2.3,3.5,0.4,0.6,0.3,0.9,2.3,5.7,,thomas-bassong-1
120,Efrem Johnson,Clemson,G,22,1,18.6,1.8,4.5,.394,1.1,3.1,.368,0.6,1.4,.452,.520,1.0,1.1,.875,0.4,1.6,2.0,0.8,0.5,0.1,0.4,0.8,5.6,,efrem-johnson-1
121,Dame Sarr,Duke,G,22,14,19.7,1.8,4.8,.377,1.0,3.2,.300,0.9,1.6,.528,.476,1.0,1.8,.550,0.7,2.5,3.2,0.9,1.0,0.3,1.2,1.9,5.6,,dame-sarr-1
122,Chase Forte,Boston College,G,22,9,20.7,1.7,5.2,.322,0.5,2.5,.222,1.1,2.8,.410,.374,1.5,2.6,.586,0.5,1.4,1.9,2.7,1.0,0.3,1.3,1.5,5.5,,chase-forte-1
123,Rytis Petraitis,California,G,7,0,16.9,2.0,3.4,.583,0.3,0.7,.400,1.7,2.7,.632,.625,1.0,1.6,.636,0.9,3.1,4.0,1.0,0.6,0.9,0.6,1.4,5.3,,rytis-petraitis-1
124,Maliq Brown,Duke,F,22,1,19.0,2.4,3.7,.654,0.1,0.7,.200,2.3,3.0,.758,.673,0.3,0.6,.500,1.7,2.7,4.5,1.8,1.8,0.5,1.1,2.5,5.3,,maliq-brown-1
125,Marcus Allen,Miami (FL),G,8,0,18.9,1.8,4.1,.424,0.6,1.6,.385,1.1,2.5,.450,.500,1.1,1.6,.692,0.9,2.3,3.1,1.6,0.3,0.0,0.3,1.8,5.3,,marcus-allen-3
126,Sir Mohammed,Notre Dame,G,22,5,15.2,2.1,5.2,.409,0.4,1.4,.267,1.8,3.9,.459,.443,0.6,1.2,.519,0.6,1.9,2.5,1.2,0.5,0.0,1.5,1.4,5.3,,sir-mohammed-1
127,Devin Tillis,Virginia,F,18,1,18.2,1.8,4.2,.434,0.9,2.4,.395,0.9,1.8,.485,.546,0.7,0.9,.765,0.7,2.3,3.0,1.5,0.3,0.0,0.8,1.4,5.3,,devin-tillis-1
128,Timotej Malovec,Miami (FL),F,22,2,17.3,1.6,4.4,.371,1.4,3.9,.360,0.2,0.5,.455,.531,0.5,0.8,.647,0.2,1.5,1.7,1.1,0.5,0.3,0.8,2.0,5.2,,timotej-malovec-1
129,Kyan Evans,North Carolina,G,22,17,20.8,1.8,5.4,.331,1.2,4.1,.300,0.5,1.3,.429,.445,0.3,0.5,.636,0.0,1.5,1.5,3.0,0.7,0.0,1.3,1.9,5.1,,kyan-evans-1
130,Jermaine O'Neal Jr.,SMU,F,22,0,14.1,2.0,4.0,.489,0.7,1.7,.421,1.2,2.3,.540,.580,0.3,0.4,.875,0.5,1.7,2.2,0.5,0.3,0.3,0.5,0.9,5.0,,jermaine-oneal-jr-1
131,Sebastian Akins,Wake Forest,G,22,1,12.6,1.8,4.2,.424,0.2,1.5,.156,1.5,2.7,.567,.451,1.2,1.5,.813,0.3,1.0,1.4,1.8,0.7,0.0,1.0,1.2,5.0,,sebastian-akins-1
132,Alyn Breed,NC State,G,17,7,16.5,1.5,3.6,.419,0.6,1.6,.370,0.9,2.1,.457,.500,1.2,1.4,.875,0.2,1.9,2.1,1.4,0.8,0.1,0.5,2.1,4.9,,alyn-breed-1
133,Cooper Schwieger,Wake Forest,F,21,6,20.4,2.0,3.7,.526,0.3,0.9,.368,1.6,2.8,.576,.571,0.6,0.8,.765,1.2,1.4,2.7,0.8,0.4,0.7,0.7,2.1,4.9,,cooper-schwieger-1
134,Jonathan Powell,North Carolina,F,22,0,15.9,1.6,4.2,.387,1.2,3.4,.351,0.5,0.9,.526,.527,0.4,0.9,.421,0.6,1.6,2.2,0.9,0.5,0.1,0.3,1.4,4.8,,jonathan-powell-1
135,Brady Koehler,Notre Dame,F,21,4,13.7,1.6,3.5,.452,0.6,1.5,.387,1.0,2.0,.500,.534,1.0,1.5,.710,0.7,2.0,2.6,0.1,0.5,0.6,0.7,2.3,4.8,,brady-koehler-1
136,Aidan Cammann,Stanford,F,22,8,19.3,1.5,2.9,.524,0.2,0.7,.250,1.3,2.1,.617,.556,1.6,2.5,.648,1.4,2.1,3.5,1.3,1.0,0.3,1.2,2.9,4.8,,aidan-cammann-1
137,Semetri (TT) Carr,California,G,20,2,17.3,1.3,3.6,.361,0.4,1.4,.250,1.0,2.2,.432,.410,1.6,2.1,.756,0.8,2.2,2.9,2.3,0.6,0.1,0.7,1.5,4.5,,semetri-carr-1
138,Terrance Arceneaux,NC State,G,19,0,16.0,1.5,3.3,.460,0.6,1.6,.387,0.9,1.7,.531,.556,0.6,0.8,.733,0.8,1.9,2.7,0.4,1.1,0.4,0.4,0.7,4.3,,terrance-arceneaux-1
139,Kobe Rodgers,Louisville,G,20,1,15.1,1.5,2.6,.569,0.4,1.0,.400,1.1,1.6,.677,.647,0.9,1.0,.900,1.1,1.7,2.8,1.7,0.9,0.3,0.9,1.9,4.2,,kobe-rodgers-1
140,AJ Swinton,Florida State,F,18,1,14.4,1.5,3.6,.415,0.6,1.9,.314,0.9,1.7,.533,.500,0.5,0.8,.600,0.3,1.4,1.8,0.3,0.9,0.4,0.4,1.1,4.1,,aj-swinton-1
141,Chas Kelley III,Georgia Tech,G,20,1,16.8,1.5,3.3,.439,1.0,2.1,.452,0.5,1.2,.417,.583,0.3,0.4,.714,0.3,1.0,1.3,1.8,0.4,0.1,0.7,1.3,4.1,,chas-kelley-iii-1
142,Oskar Giltay,Stanford,F,21,5,15.0,1.5,2.5,.615,0.0,0.0,,1.5,2.5,.615,.615,1.0,1.7,.583,2.0,2.9,5.0,0.4,0.8,1.2,0.9,2.0,4.0,,oskar-giltay-1
143,Aly Khalifa,Louisville,F,21,0,12.6,1.4,3.0,.453,1.0,2.1,.444,0.4,0.9,.474,.609,0.2,0.3,.667,0.5,1.6,2.1,2.8,0.4,0.4,1.0,2.0,3.9,,aly-khalifa-1
144,Garrett Sundra,Notre Dame,F,22,16,19.6,1.5,3.5,.434,0.7,2.1,.326,0.8,1.4,.600,.533,0.2,0.4,.556,1.1,2.3,3.4,0.5,0.3,0.4,0.5,1.5,3.9,,garrett-sundra-1
145,Aidan Shaw,Boston College,F,22,14,26.2,1.5,3.4,.427,0.0,0.6,.077,1.4,2.8,.500,.433,0.9,1.5,.559,1.9,4.7,6.6,0.7,0.5,1.4,0.9,2.5,3.8,,aidan-shaw-1
146,Logan Imes,Notre Dame,G,22,5,19.4,1.4,4.0,.341,0.6,2.2,.292,0.7,1.8,.400,.420,0.4,0.7,.500,0.5,2.4,2.9,1.5,0.7,0.0,1.1,1.3,3.7,,logan-imes-1
147,Caleb Steger,Boston College,G,22,1,11.0,1.0,2.7,.383,0.7,2.1,.348,0.3,0.6,.500,.517,0.7,1.0,.682,0.2,1.0,1.2,0.1,0.2,0.0,0.5,1.1,3.5,,caleb-steger-1
148,Peyton Marshall,Georgia Tech,C,17,2,11.1,1.2,2.3,.538,0.0,0.1,.000,1.2,2.2,.568,.538,1.0,1.7,.586,0.6,2.5,3.1,0.9,0.2,0.9,1.6,1.6,3.5,,peyton-marshall-1
149,Darren Harris,Duke,G,22,0,9.7,1.0,2.5,.382,0.7,2.0,.349,0.3,0.5,.500,.518,0.8,1.1,.750,0.3,0.4,0.7,0.5,0.4,0.0,0.1,0.7,3.4,,darren-harris-1
150,DJ Campbell,California,G,12,1,15.2,1.3,3.3,.385,0.4,0.8,.500,0.8,2.4,.345,.449,0.3,0.8,.400,0.4,1.6,2.0,1.0,0.3,0.1,0.6,0.9,3.3,,dj-campbell-1
151,Jason Asemota,Boston College,F,15,0,8.3,1.0,2.5,.405,0.7,1.7,.385,0.3,0.7,.455,.541,0.5,0.9,.571,0.3,2.0,2.3,0.1,0.1,0.3,0.3,1.0,3.2,,jason-asemota-1
152,Noam Dovrat,Miami (FL),G,17,0,9.9,1.1,2.5,.419,0.7,1.8,.400,0.4,0.8,.462,.558,0.4,0.4,1.000,0.0,0.5,0.5,1.4,0.5,0.0,0.4,0.6,3.2,,noam-dovrat-1
153,Musa Sagnia,NC State,F,23,1,14.2,1.3,1.8,.690,0.0,0.1,.333,1.2,1.7,.718,.702,0.4,0.9,.450,1.4,1.8,3.2,0.3,0.7,0.5,0.4,2.0,3.0,,musa-sagnia-1
154,Calvin Russell III,Syracuse,F,1,0,2.0,1.0,3.0,.333,0.0,0.0,,1.0,3.0,.333,.333,1.0,1.0,1.000,1.0,0.0,1.0,0.0,0.0,0.0,1.0,1.0,3.0,,calvin-russell-iii-1
155,Sam Walters,SMU,F,14,2,9.6,1.1,2.6,.405,0.7,2.0,.357,0.4,0.6,.556,.541,0.0,0.1,.000,0.4,0.7,1.1,0.4,0.1,0.1,0.6,1.3,2.9,,sam-walters-3
156,Antonio Dorn,Virginia Tech,C,15,5,10.2,1.3,2.1,.594,0.0,0.0,,1.3,2.1,.594,.594,0.3,0.7,.455,1.1,0.9,1.9,0.5,0.1,0.1,0.5,1.9,2.9,,antonio-dorn-1
157,Ryder Frost,Notre Dame,F,18,0,6.1,0.9,2.2,.400,0.7,2.0,.361,0.2,0.2,.750,.563,0.3,0.4,.625,0.2,0.6,0.8,0.1,0.1,0.0,0.1,0.6,2.8,,ryder-frost-1
158,Papa Amadou Kante,Pittsburgh,F,8,0,14.1,1.1,2.5,.450,0.0,0.3,.000,1.1,2.3,.500,.450,0.5,1.1,.444,2.1,3.3,5.4,0.9,0.3,0.1,0.4,1.9,2.8,,papa-amadou-kante-1
159,Milos Ilic,California,F,22,2,15.0,1.0,1.9,.537,0.0,0.1,.500,1.0,1.8,.538,.549,0.7,1.1,.625,1.3,2.4,3.7,1.2,0.5,0.1,0.7,2.5,2.7,,milos-ilic-1
160,Kasean Pryor,Louisville,G,13,0,7.4,0.9,2.5,.375,0.3,1.4,.222,0.6,1.1,.571,.438,0.3,0.7,.444,0.4,1.8,2.2,0.3,0.5,0.2,0.5,1.3,2.5,,kasean-pryor-1
161,Kebba Njie,Notre Dame,F,17,0,11.5,0.7,1.1,.632,0.0,0.1,.000,0.7,1.1,.667,.632,1.1,1.5,.720,0.6,2.8,3.4,0.2,0.1,0.2,0.6,1.8,2.5,,kebba-njie-1
162,Cameron Grant,Stanford,F,17,0,12.1,0.8,3.4,.246,0.8,3.1,.245,0.1,0.2,.250,.360,0.1,0.1,1.000,0.5,0.9,1.5,0.5,0.1,0.2,0.3,1.0,2.5,,cameron-grant-2
163,Donavin Young,Stanford,F,10,5,14.2,1.0,2.2,.455,0.5,1.4,.357,0.5,0.8,.625,.568,0.0,0.0,,0.7,1.6,2.3,0.5,0.1,0.4,0.3,1.8,2.5,,donavin-young-1
164,Marko Radunovic,Boston College,F,17,0,9.7,0.8,3.1,.250,0.4,1.5,.231,0.4,1.5,.269,.308,0.4,0.6,.700,0.6,1.2,1.8,0.2,0.1,0.1,0.8,0.9,2.3,,marko-radunovic-1
165,Shahid Muhammad,Florida State,F,12,0,7.2,0.8,1.2,.714,0.0,0.0,,0.8,1.2,.714,.714,0.7,1.0,.667,0.4,0.8,1.2,0.2,0.1,0.9,0.3,0.9,2.3,,shahid-muhammad-1
166,Mitchell Holmes,SMU,F,19,0,6.4,1.0,1.4,.704,0.0,0.0,,1.0,1.4,.704,.704,0.3,0.3,1.000,0.3,0.8,1.1,0.2,0.1,0.1,0.2,1.1,2.3,,mitchell-holmes-1
167,Izaiah Pasha,Virginia Tech,G,14,0,8.8,0.9,2.4,.364,0.1,0.4,.167,0.8,1.9,.407,.379,0.5,0.9,.583,0.1,0.6,0.6,0.6,0.4,0.3,0.6,0.6,2.3,,izaiah-pasha-1
168,Salih Altuntas,Miami (FL),C,22,0,9.7,1.0,1.5,.647,0.0,0.0,,1.0,1.5,.647,.647,0.2,0.5,.417,0.8,1.6,2.4,0.2,0.3,0.5,0.4,1.9,2.2,,salih-altuntas-1
169,Vangelis Zougris,Louisville,F,14,0,8.6,0.7,1.5,.476,0.0,0.0,,0.7,1.5,.476,.476,0.6,0.9,.692,1.6,1.1,2.7,0.7,0.4,0.2,0.9,1.9,2.1,,vangelis-zougris-1
170,Isaiah Denis,North Carolina,G,9,0,3.4,0.8,1.3,.583,0.4,0.8,.571,0.3,0.6,.600,.750,0.1,0.2,.500,0.1,0.4,0.6,0.1,0.1,0.0,0.1,0.7,2.1,,isaiah-denis-1
171,Jaydon Young,North Carolina,G,20,4,7.5,0.7,2.0,.333,0.5,1.6,.323,0.2,0.4,.375,.462,0.3,0.4,.750,0.2,0.8,1.0,0.4,0.2,0.1,0.3,0.8,2.1,,jaydon-young-1
172,Dallas Thomas,Clemson,F,12,0,4.5,0.7,1.3,.500,0.4,0.9,.455,0.3,0.4,.600,.656,0.3,0.5,.500,0.2,0.3,0.5,0.1,0.0,0.0,0.3,0.3,2.0,,dallas-thomas-1
173,Vincent Ricchiuti,Wake Forest,F,3,0,2.3,0.7,1.3,.500,0.7,1.3,.500,0.0,0.0,,.750,0.0,0.0,,0.0,0.0,0.0,0.0,0.3,0.0,0.3,0.3,2.0,,vincent-ricchiuti-1
174,Nolan Dorsey,California,G,19,0,12.7,0.7,2.1,.325,0.4,1.6,.233,0.3,0.5,.600,.413,0.2,0.3,.667,0.3,1.4,1.6,0.4,0.4,0.0,0.4,1.5,1.9,,nolan-dorsey-1
175,Davi Remagen,Georgia Tech,G,7,0,11.0,0.7,2.1,.333,0.0,0.6,.000,0.7,1.6,.455,.333,0.4,0.7,.600,0.3,1.3,1.6,0.9,0.9,0.1,0.3,1.1,1.9,,davi-remagen-1
176,Alier Maluk,Florida State,F,18,3,7.6,0.7,1.8,.364,0.1,0.4,.286,0.6,1.4,.385,.394,0.4,0.8,.500,0.9,1.1,2.1,0.3,0.3,0.4,0.4,1.1,1.8,,alier-maluk-1
177,Matthew MacLellan,Notre Dame,F,6,0,5.3,0.7,0.8,.800,0.0,0.0,,0.7,0.8,.800,.800,0.5,0.8,.600,0.3,1.3,1.7,0.2,0.0,0.2,0.2,0.8,1.8,,matthew-maclellan-1
178,Evan Stinson,Stanford,F,4,0,5.3,0.5,1.3,.400,0.3,1.0,.250,0.3,0.3,1.000,.500,0.5,0.5,1.000,0.0,0.5,0.5,0.3,0.5,0.0,0.3,0.8,1.8,,evan-stinson-1
179,Elijah Gertrude,Virginia,G,13,0,7.2,0.8,1.8,.417,0.2,0.8,.182,0.6,1.0,.615,.458,0.1,0.2,.333,0.1,0.8,0.8,0.7,0.1,0.2,0.3,0.8,1.8,,elijah-gertrude-2
180,Jaylen Cross,Wake Forest,G,13,0,5.2,0.6,1.5,.421,0.2,0.4,.600,0.4,1.1,.357,.500,0.4,0.5,.714,0.4,0.6,1.0,0.4,0.2,0.0,0.5,0.8,1.8,,jaylen-cross-2
181,Chase Thompson,Clemson,F,22,0,8.5,0.6,1.3,.448,0.2,0.7,.313,0.4,0.6,.615,.534,0.3,0.5,.600,0.3,0.8,1.0,0.3,0.2,0.1,0.4,0.5,1.7,,chase-thompson-2
182,Marqus Marion,Wake Forest,F,15,0,13.1,0.6,1.5,.409,0.1,0.6,.111,0.5,0.9,.615,.432,0.4,0.7,.545,1.2,1.4,2.6,0.9,0.5,0.4,0.2,1.6,1.7,,marqus-marion-1
183,Mantas Kocanas,California,C,14,0,6.1,0.6,1.4,.474,0.1,0.4,.333,0.5,0.9,.538,.526,0.1,0.3,.500,0.5,1.0,1.5,0.1,0.2,0.1,0.6,1.6,1.6,,mantas-kocanas-1
184,Zayden High,North Carolina,F,19,0,5.1,0.6,1.7,.375,0.1,0.4,.143,0.6,1.3,.440,.391,0.3,0.5,.556,0.5,0.8,1.3,0.3,0.2,0.2,0.3,0.5,1.6,,zayden-high-2
185,Eric Chatfield Jr.,Georgia Tech,G,10,0,11.0,0.6,2.1,.286,0.3,1.4,.214,0.3,0.7,.429,.357,0.0,0.0,,0.1,0.5,0.6,1.1,0.5,0.0,0.5,1.2,1.5,,eric-chatfield-jr-1
186,Scottie Ebube,NC State,C,11,1,3.9,0.6,0.7,.875,0.0,0.0,,0.6,0.7,.875,.875,0.2,0.6,.286,0.5,0.5,1.1,0.0,0.4,0.5,0.5,1.5,1.5,,scottie-ebube-1
187,Macari Moore,Pittsburgh,G,15,0,5.3,0.5,1.3,.421,0.2,0.3,.750,0.3,1.0,.333,.500,0.2,0.3,.750,0.3,0.4,0.7,0.7,0.5,0.1,0.7,1.2,1.5,,macari-moore-1
188,B.J. Davis-Ray,SMU,F,21,0,6.7,0.7,1.4,.483,0.1,0.6,.250,0.5,0.8,.647,.534,0.0,0.1,.500,0.2,0.6,0.8,0.5,0.3,0.0,0.2,0.7,1.5,,bj-davis-ray-1
189,Isaac Carr,Wake Forest,G,15,0,8.0,0.5,1.3,.421,0.1,0.5,.125,0.5,0.7,.636,.447,0.4,0.5,.750,0.1,0.7,0.8,0.8,0.3,0.0,0.5,1.1,1.5,,isaac-carr-1
190,Evan Smith,North Carolina,G,5,0,1.8,0.4,0.6,.667,0.0,0.0,,0.4,0.6,.667,.667,0.6,0.8,.750,0.4,0.6,1.0,0.6,0.0,0.0,0.0,0.4,1.4,,evan-smith-3
191,Trent Steinour,Clemson,C,5,0,2.8,0.2,0.8,.250,0.0,0.0,,0.2,0.8,.250,.250,0.8,1.2,.667,0.6,0.6,1.2,0.0,0.0,0.0,0.2,0.4,1.2,,trent-steinour-1
192,Jalen Crawford,Florida State,G,5,0,1.2,0.4,1.2,.333,0.4,1.2,.333,0.0,0.0,,.500,0.0,0.0,,0.0,0.0,0.0,0.0,0.0,0.0,0.2,0.0,1.2,,jalen-crawford-2
193,Cole Kirouac,Georgia Tech,C,15,0,9.5,0.6,1.2,.500,0.0,0.0,,0.6,1.2,.500,.500,0.0,0.3,.000,0.6,1.4,2.0,0.3,0.2,0.1,0.2,1.4,1.2,,cole-kirouac-1
194,John Laboy II,Miami (FL),G,6,0,4.7,0.3,1.3,.250,0.3,1.0,.333,0.0,0.3,.000,.375,0.2,0.3,.500,0.0,0.2,0.2,0.5,0.3,0.0,0.5,0.5,1.2,,john-laboy-ii-1
195,James Brown,North Carolina,F,9,0,5.6,0.3,0.4,.750,0.0,0.0,,0.3,0.4,.750,.750,0.6,1.4,.385,0.6,0.9,1.4,0.3,0.1,0.2,0.2,1.7,1.2,,james-brown-12
196,Cole Sherman,Louisville,G,8,0,1.3,0.4,0.9,.429,0.4,0.9,.429,0.0,0.0,,.643,0.0,0.0,,0.0,0.0,0.0,0.1,0.0,0.0,0.1,0.1,1.1,,cole-sherman-1
197,Luke Fennell,Syracuse,G,10,0,6.5,0.3,1.4,.214,0.2,0.8,.250,0.1,0.6,.167,.286,0.3,0.3,1.000,0.0,0.6,0.6,0.4,0.2,0.0,0.2,0.2,1.1,,luke-fennell-1
198,Jordan Snell,NC State,G,6,0,2.5,0.3,1.0,.333,0.3,0.8,.400,0.0,0.2,.000,.500,0.0,0.0,,0.0,0.2,0.2,0.3,0.0,0.0,0.0,0.2,1.0,,jordan-snell-1
199,Ibrahim Souare,Syracuse,F,21,0,8.7,0.3,0.4,.778,0.0,0.0,.000,0.3,0.4,.875,.778,0.2,0.6,.417,0.7,1.3,2.0,0.2,0.2,0.7,0.4,1.9,0.9,,ibrahim-souare-1
200,Martin Carrere,Virginia,G,10,0,4.8,0.4,0.9,.444,0.1,0.4,.250,0.3,0.5,.600,.500,0.0,0.0,,0.2,0.4,0.6,0.5,0.0,0.2,0.3,0.3,0.9,,martin-carrere-1
201,Ifeanyi Ufochukwu,Duke,C,5,0,4.4,0.4,0.8,.500,0.0,0.0,,0.4,0.8,.500,.500,0.0,0.2,.000,0.4,0.2,0.6,0.0,0.0,0.2,0.4,1.2,0.8,,ifeanyi-ufochukwu-1
202,Kieran Mullen,Pittsburgh,C,14,0,5.9,0.3,0.8,.364,0.0,0.1,.000,0.3,0.7,.400,.364,0.2,0.2,1.000,0.4,1.0,1.4,0.1,0.1,0.0,0.1,1.0,0.8,,kieran-mullen-1
203,Kristers Skrinda,Stanford,F,9,0,6.0,0.3,1.0,.333,0.1,0.4,.250,0.2,0.6,.400,.389,0.0,0.0,,0.7,0.9,1.6,0.1,0.1,0.0,0.1,0.2,0.8,,kristers-skrinda-1
204,Bryce Zephir,Syracuse,G,16,0,5.6,0.3,0.6,.556,0.1,0.1,.500,0.3,0.4,.571,.611,0.1,0.3,.250,0.1,0.4,0.4,0.3,0.2,0.0,0.2,0.7,0.8,,bryce-zephir-1
205,Jack Scott,Duke,G,9,0,3.0,0.2,0.3,.667,0.2,0.2,1.000,0.0,0.1,.000,1.000,0.0,0.0,,0.4,0.6,1.0,0.1,0.1,0.0,0.1,0.2,0.7,,jack-scott-1
206,Cameron Sheffield,Duke,G,9,0,3.1,0.2,1.1,.200,0.1,0.7,.167,0.1,0.4,.250,.250,0.0,0.0,,0.1,0.6,0.7,0.1,0.0,0.0,0.0,0.1,0.6,,cameron-sheffield-1
207,Spencer Legg,Louisville,F,7,0,1.0,0.1,0.4,.333,0.0,0.3,.000,0.1,0.1,1.000,.333,0.3,0.3,1.000,0.3,0.1,0.4,0.3,0.0,0.0,0.4,0.0,0.6,,spencer-legg-1
208,Elijah Davis,North Carolina,G,5,0,1.8,0.2,0.8,.250,0.2,0.8,.250,0.0,0.0,,.375,0.0,0.0,,0.0,0.2,0.2,0.0,0.0,0.0,0.0,0.4,0.6,,elijah-davis-4
209,Owen Odom,Virginia,G,7,0,1.3,0.3,0.4,.667,0.0,0.1,.000,0.3,0.3,1.000,.667,0.0,0.0,,0.0,0.1,0.1,0.0,0.0,0.1,0.0,0.0,0.6,,owen-odom-1
210,Sin'Cere Jones,Virginia Tech,F,11,0,6.6,0.3,1.1,.250,0.0,0.6,.000,0.3,0.5,.600,.250,0.1,0.3,.333,0.5,0.9,1.4,0.0,0.1,0.2,0.1,1.1,0.6,,sincere-jones-1
211,Dhiaukuei Manyiel Dut,California,F,8,0,4.1,0.3,0.6,.400,0.0,0.1,.000,0.3,0.5,.500,.400,0.0,0.0,,0.3,0.6,0.9,0.0,0.1,0.9,0.3,1.1,0.5,,dhiaukuei-manyiel-dut-1
212,Ivan Matlekovic,North Carolina,F,4,0,1.8,0.3,0.3,1.000,0.0,0.0,,0.3,0.3,1.000,1.000,0.0,0.0,,0.0,0.0,0.0,0.0,0.0,0.0,0.0,0.0,0.5,,ivan-matlekovic-1
213,Brady Stevens,Notre Dame,G,4,0,2.3,0.3,0.8,.333,0.0,0.3,.000,0.3,0.5,.500,.333,0.0,0.0,,0.0,0.3,0.3,0.3,0.0,0.0,0.0,0.3,0.5,,brady-stevens-1
214,Mark Zackery IV,Notre Dame,G,4,0,5.0,0.3,1.0,.250,0.0,0.5,.000,0.3,0.5,.500,.250,0.0,0.0,,0.3,0.5,0.8,0.3,0.0,0.0,0.3,0.3,0.5,,mark-zackery-iv-1
215,Tiefing Diawara,Syracuse,C,4,0,2.3,0.3,0.3,1.000,0.0,0.0,,0.3,0.3,1.000,1.000,0.0,0.0,,0.3,0.5,0.8,0.0,0.0,0.5,0.0,0.3,0.5,,tiefing-diawara-1
216,Jordyn Kee,Miami (FL),G,7,0,3.3,0.1,1.0,.143,0.1,0.6,.250,0.0,0.4,.000,.214,0.0,0.0,,0.1,0.3,0.4,0.3,0.1,0.0,0.3,0.7,0.4,,jordyn-kee-1
217,Jaylen Thompson,Stanford,F,10,0,5.7,0.2,0.7,.286,0.0,0.3,.000,0.2,0.4,.500,.286,0.0,0.0,,0.2,0.2,0.4,0.1,0.4,0.1,0.1,0.7,0.4,,jaylen-thompson-1
218,Will Hanke,Louisville,G,8,0,1.0,0.1,0.4,.333,0.0,0.0,,0.1,0.4,.333,.333,0.0,0.0,,0.3,0.3,0.5,0.0,0.0,0.1,0.0,0.1,0.3,,will-hanke-1
219,Colt Langdon,NC State,F,6,0,3.0,0.0,1.0,.000,0.0,0.7,.000,0.0,0.3,.000,.000,0.3,0.3,1.000,0.2,0.0,0.2,0.0,0.0,0.0,0.2,0.2,0.3,,colt-langdon-1
220,Carter Lang,Virginia,F,9,0,2.1,0.1,0.6,.200,0.1,0.2,.500,0.0,0.3,.000,.300,0.0,0.2,.000,0.2,0.1,0.3,0.3,0.0,0.0,0.0,0.4,0.3,,carter-lang-1
221,John Holbrook,North Carolina,F,5,0,1.8,0.0,0.2,.000,0.0,0.0,,0.0,0.2,.000,.000,0.2,0.4,.500,0.4,0.2,0.6,0.0,0.0,0.0,0.0,0.2,0.2,,john-holbrook-1
222,Chance Puryear,SMU,G,8,0,2.8,0.0,0.4,.000,0.0,0.1,.000,0.0,0.3,.000,.000,0.1,0.3,.500,0.3,0.3,0.5,0.0,0.0,0.1,0.4,0.5,0.1,,chance-puryear-1
223,Jack DiDonna,Boston College,G,1,0,1.0,0.0,0.0,,0.0,0.0,,0.0,0.0,,,0.0,0.0,,0.0,0.0,0.0,0.0,0.0,0.0,1.0,0.0,0.0,,jack-didonna-1
224,Kany Tchanda,Boston College,F,4,0,4.5,0.0,0.8,.000,0.0,0.8,.000,0.0,0.0,,.000,0.0,0.0,,0.3,0.8,1.0,0.0,0.0,0.0,0.3,0.5,0.0,,kany-tchanda-1
225,Will Eggemeier,Boston College,G,1,0,1.0,0.0,1.0,.000,0.0,1.0,.000,0.0,0.0,,.000,0.0,0.0,,0.0,0.0,0.0,0.0,0.0,0.0,0.0,0.0,0.0,,will-eggemeier-1
226,BJ Fisher,California,G,6,0,1.3,0.0,0.3,.000,0.0,0.2,.000,0.0,0.2,.000,.000,0.0,0.0,,0.0,0.0,0.0,0.0,0.0,0.0,0.2,0.5,0.0,,bj-fisher-1
227,Luke Butler,California,G,6,0,0.8,0.0,0.2,.000,0.0,0.0,,0.0,0.2,.000,.000,0.0,0.0,,0.2,0.2,0.3,0.0,0.2,0.0,0.0,0.0,0.0,,luke-butler-1
228,Stephon Marbury II,California,G,4,0,1.3,0.0,0.3,.000,0.0,0.0,,0.0,0.3,.000,.000,0.0,0.0,,0.0,0.0,0.0,0.0,0.0,0.0,0.5,0.3,0.0,,stephon-marbury-ii-1
229,Brandon Stores Jr.,Georgia Tech,G,1,0,5.0,0.0,2.0,.000,0.0,0.0,,0.0,2.0,.000,.000,0.0,0.0,,0.0,1.0,1.0,0.0,0.0,0.0,0.0,1.0,0.0,,brandon-stores-jr-1
230,Niccolo Kalischer-Stork,SMU,G,2,0,1.0,0.0,0.0,,0.0,0.0,,0.0,0.0,,,0.0,1.0,.000,0.0,0.0,0.0,0.0,0.0,0.0,0.5,0.0,0.0,,niccolo-kalischer-stork-1
231,Nigel Walls,SMU,F,7,0,4.1,0.0,0.3,.000,0.0,0.1,.000,0.0,0.1,.000,.000,0.0,0.0,,0.0,0.3,0.3,0.1,0.3,0.6,0.3,1.1,0.0,,nigel-walls-1
232,Trey Utter,SMU,G,2,0,1.5,0.0,0.0,,0.0,0.0,,0.0,0.0,,,0.0,0.0,,0.0,0.0,0.0,0.0,0.0,0.0,0.0,0.0,0.0,,trey-utter-1
233,Ethan Kitch,Stanford,G,2,0,0.5,0.0,0.5,.000,0.0,0.5,.000,0.0,0.0,,.000,0.0,0.0,,0.0,0.0,0.0,0.0,0.0,0.0,0.0,0.0,0.0,,ethan-kitch-1
234,Tallis Toure,Stanford,F,2,0,3.5,0.0,0.5,.000,0.0,0.0,,0.0,0.5,.000,.000,0.0,0.0,,0.5,0.5,1.0,0.0,0.0,0.5,0.0,0.0,0.0,,tallis-toure-1
235,Noah Lobdell,Syracuse,G,4,0,1.0,0.0,0.5,.000,0.0,0.5,.000,0.0,0.0,,.000,0.0,0.0,,0.0,0.0,0.0,0.0,0.3,0.0,0.0,0.3,0.0,,noah-lobdell-1
236,Desmond Roberts,Virginia,G,9,0,1.4,0.0,0.1,.000,0.0,0.0,,0.0,0.1,.000,.000,0.0,0.0,,0.1,0.2,0.3,0.0,0.0,0.0,0.1,0.2,0.0,,desmond-roberts-1
237,Anson Beard Jr.,Wake Forest,G,3,0,2.0,0.0,0.0,,0.0,0.0,,0.0,0.0,,,0.0,0.0,,0.0,0.3,0.3,0.0,0.0,0.0,0.3,0.3,0.0,,anson-beard-jr-1
238,Will Underwood,Wake Forest,G,3,0,2.0,0.0,0.0,,0.0,0.0,,0.0,0.0,,,0.0,0.0,,0.0,0.7,0.7,0.0,0.3,0.0,0.0,1.0,0.0,,will-underwood-1
,League Average,,,,,,,,.459,,,.346,,,.542,.532,,,.714,,,,,,,,,,,-9999